impl,phase,n,gamma,threads,trial,ms,seed,offset,seed_index,key_mode,fastrange_mode
bbhash-cpp,space_bits,512,1.150000,1,0,7680.000000,4870315401550313391,11131921045574106320,0,multiplicative,na
bbhash-cpp,space_bits_per_key,512,1.150000,1,0,15.000000,4870315401550313391,11131921045574106320,0,multiplicative,na
better-mphf,space_bits,512,1.150000,1,0,6272.000000,4870315401550313391,11131921045574106320,0,multiplicative,mul64
better-mphf,space_bits_per_key,512,1.150000,1,0,12.250000,4870315401550313391,11131921045574106320,0,multiplicative,mul64
bbhash-cpp,space_bits,1024,1.150000,1,0,9152.000000,4870315401550313391,11131921045574106320,0,multiplicative,na
bbhash-cpp,space_bits_per_key,1024,1.150000,1,0,8.937500,4870315401550313391,11131921045574106320,0,multiplicative,na
better-mphf,space_bits,1024,1.150000,1,0,10816.000000,4870315401550313391,11131921045574106320,0,multiplicative,mul64
better-mphf,space_bits_per_key,1024,1.150000,1,0,10.562500,4870315401550313391,11131921045574106320,0,multiplicative,mul64
bbhash-cpp,space_bits,2048,1.150000,1,0,12224.000000,4870315401550313391,11131921045574106320,0,multiplicative,na
bbhash-cpp,space_bits_per_key,2048,1.150000,1,0,5.968750,4870315401550313391,11131921045574106320,0,multiplicative,na
better-mphf,space_bits,2048,1.150000,1,0,13696.000000,4870315401550313391,11131921045574106320,0,multiplicative,mul64
better-mphf,space_bits_per_key,2048,1.150000,1,0,6.687500,4870315401550313391,11131921045574106320,0,multiplicative,mul64
bbhash-cpp,space_bits,4096,1.150000,1,0,18368.000000,4870315401550313391,11131921045574106320,0,multiplicative,na
bbhash-cpp,space_bits_per_key,4096,1.150000,1,0,4.484375,4870315401550313391,11131921045574106320,0,multiplicative,na
better-mphf,space_bits,4096,1.150000,1,0,20032.000000,4870315401550313391,11131921045574106320,0,multiplicative,mul64
better-mphf,space_bits_per_key,4096,1.150000,1,0,4.890625,4870315401550313391,11131921045574106320,0,multiplicative,mul64
bbhash-cpp,space_bits,8192,1.150000,1,0,30976.000000,4870315401550313391,11131921045574106320,0,multiplicative,na
bbhash-cpp,space_bits_per_key,8192,1.150000,1,0,3.781250,4870315401550313391,11131921045574106320,0,multiplicative,na
better-mphf,space_bits,8192,1.150000,1,0,38336.000000,4870315401550313391,11131921045574106320,0,multiplicative,mul64
better-mphf,space_bits_per_key,8192,1.150000,1,0,4.679688,4870315401550313391,11131921045574106320,0,multiplicative,mul64
bbhash-cpp,space_bits,16384,1.150000,1,0,56192.000000,4870315401550313391,11131921045574106320,0,multiplicative,na
bbhash-cpp,space_bits_per_key,16384,1.150000,1,0,3.429688,4870315401550313391,11131921045574106320,0,multiplicative,na
better-mphf,space_bits,16384,1.150000,1,0,63104.000000,4870315401550313391,11131921045574106320,0,multiplicative,mul64
better-mphf,space_bits_per_key,16384,1.150000,1,0,3.851562,4870315401550313391,11131921045574106320,0,multiplicative,mul64
bbhash-cpp,space_bits,32768,1.150000,1,0,106624.000000,4870315401550313391,11131921045574106320,0,multiplicative,na
bbhash-cpp,space_bits_per_key,32768,1.150000,1,0,3.253906,4870315401550313391,11131921045574106320,0,multiplicative,na
better-mphf,space_bits,32768,1.150000,1,0,113792.000000,4870315401550313391,11131921045574106320,0,multiplicative,mul64
better-mphf,space_bits_per_key,32768,1.150000,1,0,3.472656,4870315401550313391,11131921045574106320,0,multiplicative,mul64
bbhash-cpp,space_bits,65536,1.150000,1,0,207744.000000,4870315401550313391,11131921045574106320,0,multiplicative,na
bbhash-cpp,space_bits_per_key,65536,1.150000,1,0,3.169922,4870315401550313391,11131921045574106320,0,multiplicative,na
better-mphf,space_bits,65536,1.150000,1,0,214592.000000,4870315401550313391,11131921045574106320,0,multiplicative,mul64
better-mphf,space_bits_per_key,65536,1.150000,1,0,3.274414,4870315401550313391,11131921045574106320,0,multiplicative,mul64
bbhash-cpp,space_bits,131072,1.150000,1,0,410048.000000,4870315401550313391,11131921045574106320,0,multiplicative,na
bbhash-cpp,space_bits_per_key,131072,1.150000,1,0,3.128418,4870315401550313391,11131921045574106320,0,multiplicative,na
better-mphf,space_bits,131072,1.150000,1,0,415040.000000,4870315401550313391,11131921045574106320,0,multiplicative,mul64
better-mphf,space_bits_per_key,131072,1.150000,1,0,3.166504,4870315401550313391,11131921045574106320,0,multiplicative,mul64
bbhash-cpp,space_bits,262144,1.150000,1,0,983936.000000,4870315401550313391,11131921045574106320,0,multiplicative,na
bbhash-cpp,space_bits_per_key,262144,1.150000,1,0,3.753418,4870315401550313391,11131921045574106320,0,multiplicative,na
better-mphf,space_bits,262144,1.150000,1,0,819968.000000,4870315401550313391,11131921045574106320,0,multiplicative,mul64
better-mphf,space_bits_per_key,262144,1.150000,1,0,3.127930,4870315401550313391,11131921045574106320,0,multiplicative,mul64
bbhash-cpp,space_bits,524288,1.150000,1,0,1623552.000000,4870315401550313391,11131921045574106320,0,multiplicative,na
bbhash-cpp,space_bits_per_key,524288,1.150000,1,0,3.096680,4870315401550313391,11131921045574106320,0,multiplicative,na
better-mphf,space_bits,524288,1.150000,1,0,1628096.000000,4870315401550313391,11131921045574106320,0,multiplicative,mul64
better-mphf,space_bits_per_key,524288,1.150000,1,0,3.105347,4870315401550313391,11131921045574106320,0,multiplicative,mul64
bbhash-cpp,space_bits,1048576,1.150000,1,0,3241856.000000,4870315401550313391,11131921045574106320,0,multiplicative,na
bbhash-cpp,space_bits_per_key,1048576,1.150000,1,0,3.091675,4870315401550313391,11131921045574106320,0,multiplicative,na
better-mphf,space_bits,1048576,1.150000,1,0,3258496.000000,4870315401550313391,11131921045574106320,0,multiplicative,mul64
better-mphf,space_bits_per_key,1048576,1.150000,1,0,3.107544,4870315401550313391,11131921045574106320,0,multiplicative,mul64
bbhash-cpp,space_bits,2097152,1.150000,1,0,6478528.000000,4870315401550313391,11131921045574106320,0,multiplicative,na
bbhash-cpp,space_bits_per_key,2097152,1.150000,1,0,3.089203,4870315401550313391,11131921045574106320,0,multiplicative,na
better-mphf,space_bits,2097152,1.150000,1,0,6492160.000000,4870315401550313391,11131921045574106320,0,multiplicative,mul64
better-mphf,space_bits_per_key,2097152,1.150000,1,0,3.095703,4870315401550313391,11131921045574106320,0,multiplicative,mul64
bbhash-cpp,space_bits,512,1.250000,1,0,7616.000000,4870315401550313391,11131921045574106320,0,multiplicative,na
bbhash-cpp,space_bits_per_key,512,1.250000,1,0,14.875000,4870315401550313391,11131921045574106320,0,multiplicative,na
better-mphf,space_bits,512,1.250000,1,0,6272.000000,4870315401550313391,11131921045574106320,0,multiplicative,mul64
better-mphf,space_bits_per_key,512,1.250000,1,0,12.250000,4870315401550313391,11131921045574106320,0,multiplicative,mul64
bbhash-cpp,space_bits,1024,1.250000,1,0,9088.000000,4870315401550313391,11131921045574106320,0,multiplicative,na
bbhash-cpp,space_bits_per_key,1024,1.250000,1,0,8.875000,4870315401550313391,11131921045574106320,0,multiplicative,na
better-mphf,space_bits,1024,1.250000,1,0,10816.000000,4870315401550313391,11131921045574106320,0,multiplicative,mul64
better-mphf,space_bits_per_key,1024,1.250000,1,0,10.562500,4870315401550313391,11131921045574106320,0,multiplicative,mul64
bbhash-cpp,space_bits,2048,1.250000,1,0,12352.000000,4870315401550313391,11131921045574106320,0,multiplicative,na
bbhash-cpp,space_bits_per_key,2048,1.250000,1,0,6.031250,4870315401550313391,11131921045574106320,0,multiplicative,na
better-mphf,space_bits,2048,1.250000,1,0,13696.000000,4870315401550313391,11131921045574106320,0,multiplicative,mul64
better-mphf,space_bits_per_key,2048,1.250000,1,0,6.687500,4870315401550313391,11131921045574106320,0,multiplicative,mul64
bbhash-cpp,space_bits,4096,1.250000,1,0,18816.000000,4870315401550313391,11131921045574106320,0,multiplicative,na
bbhash-cpp,space_bits_per_key,4096,1.250000,1,0,4.593750,4870315401550313391,11131921045574106320,0,multiplicative,na
better-mphf,space_bits,4096,1.250000,1,0,20032.000000,4870315401550313391,11131921045574106320,0,multiplicative,mul64
better-mphf,space_bits_per_key,4096,1.250000,1,0,4.890625,4870315401550313391,11131921045574106320,0,multiplicative,mul64
bbhash-cpp,space_bits,8192,1.250000,1,0,31488.000000,4870315401550313391,11131921045574106320,0,multiplicative,na
bbhash-cpp,space_bits_per_key,8192,1.250000,1,0,3.843750,4870315401550313391,11131921045574106320,0,multiplicative,na
better-mphf,space_bits,8192,1.250000,1,0,32704.000000,4870315401550313391,11131921045574106320,0,multiplicative,mul64
better-mphf,space_bits_per_key,8192,1.250000,1,0,3.992188,4870315401550313391,11131921045574106320,0,multiplicative,mul64
bbhash-cpp,space_bits,16384,1.250000,1,0,57024.000000,4870315401550313391,11131921045574106320,0,multiplicative,na
bbhash-cpp,space_bits_per_key,16384,1.250000,1,0,3.480469,4870315401550313391,11131921045574106320,0,multiplicative,na
better-mphf,space_bits,16384,1.250000,1,0,64256.000000,4870315401550313391,11131921045574106320,0,multiplicative,mul64
better-mphf,space_bits_per_key,16384,1.250000,1,0,3.921875,4870315401550313391,11131921045574106320,0,multiplicative,mul64
bbhash-cpp,space_bits,32768,1.250000,1,0,108160.000000,4870315401550313391,11131921045574106320,0,multiplicative,na
bbhash-cpp,space_bits_per_key,32768,1.250000,1,0,3.300781,4870315401550313391,11131921045574106320,0,multiplicative,na
better-mphf,space_bits,32768,1.250000,1,0,114944.000000,4870315401550313391,11131921045574106320,0,multiplicative,mul64
better-mphf,space_bits_per_key,32768,1.250000,1,0,3.507812,4870315401550313391,11131921045574106320,0,multiplicative,mul64
bbhash-cpp,space_bits,65536,1.250000,1,0,210496.000000,4870315401550313391,11131921045574106320,0,multiplicative,na
bbhash-cpp,space_bits_per_key,65536,1.250000,1,0,3.211914,4870315401550313391,11131921045574106320,0,multiplicative,na
better-mphf,space_bits,65536,1.250000,1,0,216896.000000,4870315401550313391,11131921045574106320,0,multiplicative,mul64
better-mphf,space_bits_per_key,65536,1.250000,1,0,3.309570,4870315401550313391,11131921045574106320,0,multiplicative,mul64
bbhash-cpp,space_bits,131072,1.250000,1,0,415744.000000,4870315401550313391,11131921045574106320,0,multiplicative,na
bbhash-cpp,space_bits_per_key,131072,1.250000,1,0,3.171875,4870315401550313391,11131921045574106320,0,multiplicative,na
better-mphf,space_bits,131072,1.250000,1,0,420800.000000,4870315401550313391,11131921045574106320,0,multiplicative,mul64
better-mphf,space_bits_per_key,131072,1.250000,1,0,3.210449,4870315401550313391,11131921045574106320,0,multiplicative,mul64
bbhash-cpp,space_bits,262144,1.250000,1,0,882576.000000,4870315401550313391,11131921045574106320,0,multiplicative,na
bbhash-cpp,space_bits_per_key,262144,1.250000,1,0,3.366760,4870315401550313391,11131921045574106320,0,multiplicative,na
better-mphf,space_bits,262144,1.250000,1,0,832064.000000,4870315401550313391,11131921045574106320,0,multiplicative,mul64
better-mphf,space_bits_per_key,262144,1.250000,1,0,3.174072,4870315401550313391,11131921045574106320,0,multiplicative,mul64
bbhash-cpp,space_bits,524288,1.250000,1,0,1646080.000000,4870315401550313391,11131921045574106320,0,multiplicative,na
bbhash-cpp,space_bits_per_key,524288,1.250000,1,0,3.139648,4870315401550313391,11131921045574106320,0,multiplicative,na
better-mphf,space_bits,524288,1.250000,1,0,1648832.000000,4870315401550313391,11131921045574106320,0,multiplicative,mul64
better-mphf,space_bits_per_key,524288,1.250000,1,0,3.144897,4870315401550313391,11131921045574106320,0,multiplicative,mul64
bbhash-cpp,space_bits,1048576,1.250000,1,0,3286976.000000,4870315401550313391,11131921045574106320,0,multiplicative,na
bbhash-cpp,space_bits_per_key,1048576,1.250000,1,0,3.134705,4870315401550313391,11131921045574106320,0,multiplicative,na
better-mphf,space_bits,1048576,1.250000,1,0,3292160.000000,4870315401550313391,11131921045574106320,0,multiplicative,mul64
better-mphf,space_bits_per_key,1048576,1.250000,1,0,3.139648,4870315401550313391,11131921045574106320,0,multiplicative,mul64
bbhash-cpp,space_bits,2097152,1.250000,1,0,6568576.000000,4870315401550313391,11131921045574106320,0,multiplicative,na
bbhash-cpp,space_bits_per_key,2097152,1.250000,1,0,3.132141,4870315401550313391,11131921045574106320,0,multiplicative,na
better-mphf,space_bits,2097152,1.250000,1,0,6577984.000000,4870315401550313391,11131921045574106320,0,multiplicative,mul64
better-mphf,space_bits_per_key,2097152,1.250000,1,0,3.136627,4870315401550313391,11131921045574106320,0,multiplicative,mul64
bbhash-cpp,space_bits,512,1.350000,1,0,7616.000000,4870315401550313391,11131921045574106320,0,multiplicative,na
bbhash-cpp,space_bits_per_key,512,1.350000,1,0,14.875000,4870315401550313391,11131921045574106320,0,multiplicative,na
better-mphf,space_bits,512,1.350000,1,0,6272.000000,4870315401550313391,11131921045574106320,0,multiplicative,mul64
better-mphf,space_bits_per_key,512,1.350000,1,0,12.250000,4870315401550313391,11131921045574106320,0,multiplicative,mul64
bbhash-cpp,space_bits,1024,1.350000,1,0,9216.000000,4870315401550313391,11131921045574106320,0,multiplicative,na
bbhash-cpp,space_bits_per_key,1024,1.350000,1,0,9.000000,4870315401550313391,11131921045574106320,0,multiplicative,na
better-mphf,space_bits,1024,1.350000,1,0,10816.000000,4870315401550313391,11131921045574106320,0,multiplicative,mul64
better-mphf,space_bits_per_key,1024,1.350000,1,0,10.562500,4870315401550313391,11131921045574106320,0,multiplicative,mul64
bbhash-cpp,space_bits,2048,1.350000,1,0,12416.000000,4870315401550313391,11131921045574106320,0,multiplicative,na
bbhash-cpp,space_bits_per_key,2048,1.350000,1,0,6.062500,4870315401550313391,11131921045574106320,0,multiplicative,na
better-mphf,space_bits,2048,1.350000,1,0,13696.000000,4870315401550313391,11131921045574106320,0,multiplicative,mul64
better-mphf,space_bits_per_key,2048,1.350000,1,0,6.687500,4870315401550313391,11131921045574106320,0,multiplicative,mul64
bbhash-cpp,space_bits,4096,1.350000,1,0,18880.000000,4870315401550313391,11131921045574106320,0,multiplicative,na
bbhash-cpp,space_bits_per_key,4096,1.350000,1,0,4.609375,4870315401550313391,11131921045574106320,0,multiplicative,na
better-mphf,space_bits,4096,1.350000,1,0,20032.000000,4870315401550313391,11131921045574106320,0,multiplicative,mul64
better-mphf,space_bits_per_key,4096,1.350000,1,0,4.890625,4870315401550313391,11131921045574106320,0,multiplicative,mul64
bbhash-cpp,space_bits,8192,1.350000,1,0,31808.000000,4870315401550313391,11131921045574106320,0,multiplicative,na
bbhash-cpp,space_bits_per_key,8192,1.350000,1,0,3.882812,4870315401550313391,11131921045574106320,0,multiplicative,na
better-mphf,space_bits,8192,1.350000,1,0,33856.000000,4870315401550313391,11131921045574106320,0,multiplicative,mul64
better-mphf,space_bits_per_key,8192,1.350000,1,0,4.132812,4870315401550313391,11131921045574106320,0,multiplicative,mul64
bbhash-cpp,space_bits,16384,1.350000,1,0,57920.000000,4870315401550313391,11131921045574106320,0,multiplicative,na
bbhash-cpp,space_bits_per_key,16384,1.350000,1,0,3.535156,4870315401550313391,11131921045574106320,0,multiplicative,na
better-mphf,space_bits,16384,1.350000,1,0,59200.000000,4870315401550313391,11131921045574106320,0,multiplicative,mul64
better-mphf,space_bits_per_key,16384,1.350000,1,0,3.613281,4870315401550313391,11131921045574106320,0,multiplicative,mul64
bbhash-cpp,space_bits,32768,1.350000,1,0,110144.000000,4870315401550313391,11131921045574106320,0,multiplicative,na
bbhash-cpp,space_bits_per_key,32768,1.350000,1,0,3.361328,4870315401550313391,11131921045574106320,0,multiplicative,na
better-mphf,space_bits,32768,1.350000,1,0,116672.000000,4870315401550313391,11131921045574106320,0,multiplicative,mul64
better-mphf,space_bits_per_key,32768,1.350000,1,0,3.560547,4870315401550313391,11131921045574106320,0,multiplicative,mul64
bbhash-cpp,space_bits,65536,1.350000,1,0,214464.000000,4870315401550313391,11131921045574106320,0,multiplicative,na
bbhash-cpp,space_bits_per_key,65536,1.350000,1,0,3.272461,4870315401550313391,11131921045574106320,0,multiplicative,na
better-mphf,space_bits,65536,1.350000,1,0,220928.000000,4870315401550313391,11131921045574106320,0,multiplicative,mul64
better-mphf,space_bits_per_key,65536,1.350000,1,0,3.371094,4870315401550313391,11131921045574106320,0,multiplicative,mul64
bbhash-cpp,space_bits,131072,1.350000,1,0,423168.000000,4870315401550313391,11131921045574106320,0,multiplicative,na
bbhash-cpp,space_bits_per_key,131072,1.350000,1,0,3.228516,4870315401550313391,11131921045574106320,0,multiplicative,na
better-mphf,space_bits,131072,1.350000,1,0,429440.000000,4870315401550313391,11131921045574106320,0,multiplicative,mul64
better-mphf,space_bits_per_key,131072,1.350000,1,0,3.276367,4870315401550313391,11131921045574106320,0,multiplicative,mul64
bbhash-cpp,space_bits,262144,1.350000,1,0,840768.000000,4870315401550313391,11131921045574106320,0,multiplicative,na
bbhash-cpp,space_bits_per_key,262144,1.350000,1,0,3.207275,4870315401550313391,11131921045574106320,0,multiplicative,na
better-mphf,space_bits,262144,1.350000,1,0,846464.000000,4870315401550313391,11131921045574106320,0,multiplicative,mul64
better-mphf,space_bits_per_key,262144,1.350000,1,0,3.229004,4870315401550313391,11131921045574106320,0,multiplicative,mul64
bbhash-cpp,space_bits,524288,1.350000,1,0,1675520.000000,4870315401550313391,11131921045574106320,0,multiplicative,na
bbhash-cpp,space_bits_per_key,524288,1.350000,1,0,3.195801,4870315401550313391,11131921045574106320,0,multiplicative,na
better-mphf,space_bits,524288,1.350000,1,0,1679936.000000,4870315401550313391,11131921045574106320,0,multiplicative,mul64
better-mphf,space_bits_per_key,524288,1.350000,1,0,3.204224,4870315401550313391,11131921045574106320,0,multiplicative,mul64
bbhash-cpp,space_bits,1048576,1.350000,1,0,3345728.000000,4870315401550313391,11131921045574106320,0,multiplicative,na
bbhash-cpp,space_bits_per_key,1048576,1.350000,1,0,3.190735,4870315401550313391,11131921045574106320,0,multiplicative,na
better-mphf,space_bits,1048576,1.350000,1,0,3348608.000000,4870315401550313391,11131921045574106320,0,multiplicative,mul64
better-mphf,space_bits_per_key,1048576,1.350000,1,0,3.193481,4870315401550313391,11131921045574106320,0,multiplicative,mul64
bbhash-cpp,space_bits,2097152,1.350000,1,0,6685952.000000,4870315401550313391,11131921045574106320,0,multiplicative,na
bbhash-cpp,space_bits_per_key,2097152,1.350000,1,0,3.188110,4870315401550313391,11131921045574106320,0,multiplicative,na
better-mphf,space_bits,2097152,1.350000,1,0,6684800.000000,4870315401550313391,11131921045574106320,0,multiplicative,mul64
better-mphf,space_bits_per_key,2097152,1.350000,1,0,3.187561,4870315401550313391,11131921045574106320,0,multiplicative,mul64
bbhash-cpp,space_bits,512,1.500000,1,0,7680.000000,4870315401550313391,11131921045574106320,0,multiplicative,na
bbhash-cpp,space_bits_per_key,512,1.500000,1,0,15.000000,4870315401550313391,11131921045574106320,0,multiplicative,na
better-mphf,space_bits,512,1.500000,1,0,6272.000000,4870315401550313391,11131921045574106320,0,multiplicative,mul64
better-mphf,space_bits_per_key,512,1.500000,1,0,12.250000,4870315401550313391,11131921045574106320,0,multiplicative,mul64
bbhash-cpp,space_bits,1024,1.500000,1,0,9344.000000,4870315401550313391,11131921045574106320,0,multiplicative,na
bbhash-cpp,space_bits_per_key,1024,1.500000,1,0,9.125000,4870315401550313391,11131921045574106320,0,multiplicative,na
better-mphf,space_bits,1024,1.500000,1,0,10816.000000,4870315401550313391,11131921045574106320,0,multiplicative,mul64
better-mphf,space_bits_per_key,1024,1.500000,1,0,10.562500,4870315401550313391,11131921045574106320,0,multiplicative,mul64
bbhash-cpp,space_bits,2048,1.500000,1,0,12736.000000,4870315401550313391,11131921045574106320,0,multiplicative,na
bbhash-cpp,space_bits_per_key,2048,1.500000,1,0,6.218750,4870315401550313391,11131921045574106320,0,multiplicative,na
better-mphf,space_bits,2048,1.500000,1,0,13696.000000,4870315401550313391,11131921045574106320,0,multiplicative,mul64
better-mphf,space_bits_per_key,2048,1.500000,1,0,6.687500,4870315401550313391,11131921045574106320,0,multiplicative,mul64
bbhash-cpp,space_bits,4096,1.500000,1,0,19328.000000,4870315401550313391,11131921045574106320,0,multiplicative,na
bbhash-cpp,space_bits_per_key,4096,1.500000,1,0,4.718750,4870315401550313391,11131921045574106320,0,multiplicative,na
better-mphf,space_bits,4096,1.500000,1,0,20608.000000,4870315401550313391,11131921045574106320,0,multiplicative,mul64
better-mphf,space_bits_per_key,4096,1.500000,1,0,5.031250,4870315401550313391,11131921045574106320,0,multiplicative,mul64
bbhash-cpp,space_bits,8192,1.500000,1,0,32768.000000,4870315401550313391,11131921045574106320,0,multiplicative,na
bbhash-cpp,space_bits_per_key,8192,1.500000,1,0,4.000000,4870315401550313391,11131921045574106320,0,multiplicative,na
better-mphf,space_bits,8192,1.500000,1,0,33856.000000,4870315401550313391,11131921045574106320,0,multiplicative,mul64
better-mphf,space_bits_per_key,8192,1.500000,1,0,4.132812,4870315401550313391,11131921045574106320,0,multiplicative,mul64
bbhash-cpp,space_bits,16384,1.500000,1,0,59648.000000,4870315401550313391,11131921045574106320,0,multiplicative,na
bbhash-cpp,space_bits_per_key,16384,1.500000,1,0,3.640625,4870315401550313391,11131921045574106320,0,multiplicative,na
better-mphf,space_bits,16384,1.500000,1,0,60928.000000,4870315401550313391,11131921045574106320,0,multiplicative,mul64
better-mphf,space_bits_per_key,16384,1.500000,1,0,3.718750,4870315401550313391,11131921045574106320,0,multiplicative,mul64
bbhash-cpp,space_bits,32768,1.500000,1,0,113408.000000,4870315401550313391,11131921045574106320,0,multiplicative,na
bbhash-cpp,space_bits_per_key,32768,1.500000,1,0,3.460938,4870315401550313391,11131921045574106320,0,multiplicative,na
better-mphf,space_bits,32768,1.500000,1,0,120128.000000,4870315401550313391,11131921045574106320,0,multiplicative,mul64
better-mphf,space_bits_per_key,32768,1.500000,1,0,3.666016,4870315401550313391,11131921045574106320,0,multiplicative,mul64
bbhash-cpp,space_bits,65536,1.500000,1,0,221056.000000,4870315401550313391,11131921045574106320,0,multiplicative,na
bbhash-cpp,space_bits_per_key,65536,1.500000,1,0,3.373047,4870315401550313391,11131921045574106320,0,multiplicative,na
better-mphf,space_bits,65536,1.500000,1,0,226688.000000,4870315401550313391,11131921045574106320,0,multiplicative,mul64
better-mphf,space_bits_per_key,65536,1.500000,1,0,3.458984,4870315401550313391,11131921045574106320,0,multiplicative,mul64
bbhash-cpp,space_bits,131072,1.500000,1,0,436416.000000,4870315401550313391,11131921045574106320,0,multiplicative,na
bbhash-cpp,space_bits_per_key,131072,1.500000,1,0,3.329590,4870315401550313391,11131921045574106320,0,multiplicative,na
better-mphf,space_bits,131072,1.500000,1,0,441536.000000,4870315401550313391,11131921045574106320,0,multiplicative,mul64
better-mphf,space_bits_per_key,131072,1.500000,1,0,3.368652,4870315401550313391,11131921045574106320,0,multiplicative,mul64
bbhash-cpp,space_bits,262144,1.500000,1,0,867264.000000,4870315401550313391,11131921045574106320,0,multiplicative,na
bbhash-cpp,space_bits_per_key,262144,1.500000,1,0,3.308350,4870315401550313391,11131921045574106320,0,multiplicative,na
better-mphf,space_bits,262144,1.500000,1,0,873536.000000,4870315401550313391,11131921045574106320,0,multiplicative,mul64
better-mphf,space_bits_per_key,262144,1.500000,1,0,3.332275,4870315401550313391,11131921045574106320,0,multiplicative,mul64
bbhash-cpp,space_bits,524288,1.500000,1,0,1728960.000000,4870315401550313391,11131921045574106320,0,multiplicative,na
bbhash-cpp,space_bits_per_key,524288,1.500000,1,0,3.297729,4870315401550313391,11131921045574106320,0,multiplicative,na
better-mphf,space_bits,524288,1.500000,1,0,1735808.000000,4870315401550313391,11131921045574106320,0,multiplicative,mul64
better-mphf,space_bits_per_key,524288,1.500000,1,0,3.310791,4870315401550313391,11131921045574106320,0,multiplicative,mul64
bbhash-cpp,space_bits,1048576,1.500000,1,0,3451968.000000,4870315401550313391,11131921045574106320,0,multiplicative,na
bbhash-cpp,space_bits_per_key,1048576,1.500000,1,0,3.292053,4870315401550313391,11131921045574106320,0,multiplicative,na
better-mphf,space_bits,1048576,1.500000,1,0,3454592.000000,4870315401550313391,11131921045574106320,0,multiplicative,mul64
better-mphf,space_bits_per_key,1048576,1.500000,1,0,3.294556,4870315401550313391,11131921045574106320,0,multiplicative,mul64
bbhash-cpp,space_bits,2097152,1.500000,1,0,6898304.000000,4870315401550313391,11131921045574106320,0,multiplicative,na
bbhash-cpp,space_bits_per_key,2097152,1.500000,1,0,3.289368,4870315401550313391,11131921045574106320,0,multiplicative,na
better-mphf,space_bits,2097152,1.500000,1,0,6901952.000000,4870315401550313391,11131921045574106320,0,multiplicative,mul64
better-mphf,space_bits_per_key,2097152,1.500000,1,0,3.291107,4870315401550313391,11131921045574106320,0,multiplicative,mul64
bbhash-cpp,space_bits,512,1.650000,1,0,7808.000000,4870315401550313391,11131921045574106320,0,multiplicative,na
bbhash-cpp,space_bits_per_key,512,1.650000,1,0,15.250000,4870315401550313391,11131921045574106320,0,multiplicative,na
better-mphf,space_bits,512,1.650000,1,0,6272.000000,4870315401550313391,11131921045574106320,0,multiplicative,mul64
better-mphf,space_bits_per_key,512,1.650000,1,0,12.250000,4870315401550313391,11131921045574106320,0,multiplicative,mul64
bbhash-cpp,space_bits,1024,1.650000,1,0,9536.000000,4870315401550313391,11131921045574106320,0,multiplicative,na
bbhash-cpp,space_bits_per_key,1024,1.650000,1,0,9.312500,4870315401550313391,11131921045574106320,0,multiplicative,na
better-mphf,space_bits,1024,1.650000,1,0,8000.000000,4870315401550313391,11131921045574106320,0,multiplicative,mul64
better-mphf,space_bits_per_key,1024,1.650000,1,0,7.812500,4870315401550313391,11131921045574106320,0,multiplicative,mul64
bbhash-cpp,space_bits,2048,1.650000,1,0,12928.000000,4870315401550313391,11131921045574106320,0,multiplicative,na
bbhash-cpp,space_bits_per_key,2048,1.650000,1,0,6.312500,4870315401550313391,11131921045574106320,0,multiplicative,na
better-mphf,space_bits,2048,1.650000,1,0,14272.000000,4870315401550313391,11131921045574106320,0,multiplicative,mul64
better-mphf,space_bits_per_key,2048,1.650000,1,0,6.968750,4870315401550313391,11131921045574106320,0,multiplicative,mul64
bbhash-cpp,space_bits,4096,1.650000,1,0,19840.000000,4870315401550313391,11131921045574106320,0,multiplicative,na
bbhash-cpp,space_bits_per_key,4096,1.650000,1,0,4.843750,4870315401550313391,11131921045574106320,0,multiplicative,na
better-mphf,space_bits,4096,1.650000,1,0,21184.000000,4870315401550313391,11131921045574106320,0,multiplicative,mul64
better-mphf,space_bits_per_key,4096,1.650000,1,0,5.171875,4870315401550313391,11131921045574106320,0,multiplicative,mul64
bbhash-cpp,space_bits,8192,1.650000,1,0,33728.000000,4870315401550313391,11131921045574106320,0,multiplicative,na
bbhash-cpp,space_bits_per_key,8192,1.650000,1,0,4.117188,4870315401550313391,11131921045574106320,0,multiplicative,na
better-mphf,space_bits,8192,1.650000,1,0,35008.000000,4870315401550313391,11131921045574106320,0,multiplicative,mul64
better-mphf,space_bits_per_key,8192,1.650000,1,0,4.273438,4870315401550313391,11131921045574106320,0,multiplicative,mul64
bbhash-cpp,space_bits,16384,1.650000,1,0,61696.000000,4870315401550313391,11131921045574106320,0,multiplicative,na
bbhash-cpp,space_bits_per_key,16384,1.650000,1,0,3.765625,4870315401550313391,11131921045574106320,0,multiplicative,na
better-mphf,space_bits,16384,1.650000,1,0,62656.000000,4870315401550313391,11131921045574106320,0,multiplicative,mul64
better-mphf,space_bits_per_key,16384,1.650000,1,0,3.824219,4870315401550313391,11131921045574106320,0,multiplicative,mul64
bbhash-cpp,space_bits,32768,1.650000,1,0,117376.000000,4870315401550313391,11131921045574106320,0,multiplicative,na
bbhash-cpp,space_bits_per_key,32768,1.650000,1,0,3.582031,4870315401550313391,11131921045574106320,0,multiplicative,na
better-mphf,space_bits,32768,1.650000,1,0,124736.000000,4870315401550313391,11131921045574106320,0,multiplicative,mul64
better-mphf,space_bits_per_key,32768,1.650000,1,0,3.806641,4870315401550313391,11131921045574106320,0,multiplicative,mul64
bbhash-cpp,space_bits,65536,1.650000,1,0,228736.000000,4870315401550313391,11131921045574106320,0,multiplicative,na
bbhash-cpp,space_bits_per_key,65536,1.650000,1,0,3.490234,4870315401550313391,11131921045574106320,0,multiplicative,na
better-mphf,space_bits,65536,1.650000,1,0,235328.000000,4870315401550313391,11131921045574106320,0,multiplicative,mul64
better-mphf,space_bits_per_key,65536,1.650000,1,0,3.590820,4870315401550313391,11131921045574106320,0,multiplicative,mul64
bbhash-cpp,space_bits,131072,1.650000,1,0,451776.000000,4870315401550313391,11131921045574106320,0,multiplicative,na
bbhash-cpp,space_bits_per_key,131072,1.650000,1,0,3.446777,4870315401550313391,11131921045574106320,0,multiplicative,na
better-mphf,space_bits,131072,1.650000,1,0,458816.000000,4870315401550313391,11131921045574106320,0,multiplicative,mul64
better-mphf,space_bits_per_key,131072,1.650000,1,0,3.500488,4870315401550313391,11131921045574106320,0,multiplicative,mul64
bbhash-cpp,space_bits,262144,1.650000,1,0,897792.000000,4870315401550313391,11131921045574106320,0,multiplicative,na
bbhash-cpp,space_bits_per_key,262144,1.650000,1,0,3.424805,4870315401550313391,11131921045574106320,0,multiplicative,na
better-mphf,space_bits,262144,1.650000,1,0,904064.000000,4870315401550313391,11131921045574106320,0,multiplicative,mul64
better-mphf,space_bits_per_key,262144,1.650000,1,0,3.448730,4870315401550313391,11131921045574106320,0,multiplicative,mul64
bbhash-cpp,space_bits,524288,1.650000,1,0,1789888.000000,4870315401550313391,11131921045574106320,0,multiplicative,na
bbhash-cpp,space_bits_per_key,524288,1.650000,1,0,3.413940,4870315401550313391,11131921045574106320,0,multiplicative,na
better-mphf,space_bits,524288,1.650000,1,0,1794560.000000,4870315401550313391,11131921045574106320,0,multiplicative,mul64
better-mphf,space_bits_per_key,524288,1.650000,1,0,3.422852,4870315401550313391,11131921045574106320,0,multiplicative,mul64
bbhash-cpp,space_bits,1048576,1.650000,1,0,3573760.000000,4870315401550313391,11131921045574106320,0,multiplicative,na
bbhash-cpp,space_bits_per_key,1048576,1.650000,1,0,3.408203,4870315401550313391,11131921045574106320,0,multiplicative,na
better-mphf,space_bits,1048576,1.650000,1,0,3577280.000000,4870315401550313391,11131921045574106320,0,multiplicative,mul64
better-mphf,space_bits_per_key,1048576,1.650000,1,0,3.411560,4870315401550313391,11131921045574106320,0,multiplicative,mul64
bbhash-cpp,space_bits,2097152,1.650000,1,0,7141824.000000,4870315401550313391,11131921045574106320,0,multiplicative,na
bbhash-cpp,space_bits_per_key,2097152,1.650000,1,0,3.405487,4870315401550313391,11131921045574106320,0,multiplicative,na
better-mphf,space_bits,2097152,1.650000,1,0,7144448.000000,4870315401550313391,11131921045574106320,0,multiplicative,mul64
better-mphf,space_bits_per_key,2097152,1.650000,1,0,3.406738,4870315401550313391,11131921045574106320,0,multiplicative,mul64
bbhash-cpp,space_bits,512,1.800000,1,0,7936.000000,4870315401550313391,11131921045574106320,0,multiplicative,na
bbhash-cpp,space_bits_per_key,512,1.800000,1,0,15.500000,4870315401550313391,11131921045574106320,0,multiplicative,na
better-mphf,space_bits,512,1.800000,1,0,6272.000000,4870315401550313391,11131921045574106320,0,multiplicative,mul64
better-mphf,space_bits_per_key,512,1.800000,1,0,12.250000,4870315401550313391,11131921045574106320,0,multiplicative,mul64
bbhash-cpp,space_bits,1024,1.800000,1,0,9664.000000,4870315401550313391,11131921045574106320,0,multiplicative,na
bbhash-cpp,space_bits_per_key,1024,1.800000,1,0,9.437500,4870315401550313391,11131921045574106320,0,multiplicative,na
better-mphf,space_bits,1024,1.800000,1,0,8000.000000,4870315401550313391,11131921045574106320,0,multiplicative,mul64
better-mphf,space_bits_per_key,1024,1.800000,1,0,7.812500,4870315401550313391,11131921045574106320,0,multiplicative,mul64
bbhash-cpp,space_bits,2048,1.800000,1,0,13248.000000,4870315401550313391,11131921045574106320,0,multiplicative,na
bbhash-cpp,space_bits_per_key,2048,1.800000,1,0,6.468750,4870315401550313391,11131921045574106320,0,multiplicative,na
better-mphf,space_bits,2048,1.800000,1,0,14848.000000,4870315401550313391,11131921045574106320,0,multiplicative,mul64
better-mphf,space_bits_per_key,2048,1.800000,1,0,7.250000,4870315401550313391,11131921045574106320,0,multiplicative,mul64
bbhash-cpp,space_bits,4096,1.800000,1,0,20416.000000,4870315401550313391,11131921045574106320,0,multiplicative,na
bbhash-cpp,space_bits_per_key,4096,1.800000,1,0,4.984375,4870315401550313391,11131921045574106320,0,multiplicative,na
better-mphf,space_bits,4096,1.800000,1,0,21760.000000,4870315401550313391,11131921045574106320,0,multiplicative,mul64
better-mphf,space_bits_per_key,4096,1.800000,1,0,5.312500,4870315401550313391,11131921045574106320,0,multiplicative,mul64
bbhash-cpp,space_bits,8192,1.800000,1,0,34880.000000,4870315401550313391,11131921045574106320,0,multiplicative,na
bbhash-cpp,space_bits_per_key,8192,1.800000,1,0,4.257812,4870315401550313391,11131921045574106320,0,multiplicative,na
better-mphf,space_bits,8192,1.800000,1,0,36160.000000,4870315401550313391,11131921045574106320,0,multiplicative,mul64
better-mphf,space_bits_per_key,8192,1.800000,1,0,4.414062,4870315401550313391,11131921045574106320,0,multiplicative,mul64
bbhash-cpp,space_bits,16384,1.800000,1,0,63680.000000,4870315401550313391,11131921045574106320,0,multiplicative,na
bbhash-cpp,space_bits_per_key,16384,1.800000,1,0,3.886719,4870315401550313391,11131921045574106320,0,multiplicative,na
better-mphf,space_bits,16384,1.800000,1,0,64960.000000,4870315401550313391,11131921045574106320,0,multiplicative,mul64
better-mphf,space_bits_per_key,16384,1.800000,1,0,3.964844,4870315401550313391,11131921045574106320,0,multiplicative,mul64
bbhash-cpp,space_bits,32768,1.800000,1,0,121472.000000,4870315401550313391,11131921045574106320,0,multiplicative,na
bbhash-cpp,space_bits_per_key,32768,1.800000,1,0,3.707031,4870315401550313391,11131921045574106320,0,multiplicative,na
better-mphf,space_bits,32768,1.800000,1,0,123136.000000,4870315401550313391,11131921045574106320,0,multiplicative,mul64
better-mphf,space_bits_per_key,32768,1.800000,1,0,3.757812,4870315401550313391,11131921045574106320,0,multiplicative,mul64
bbhash-cpp,space_bits,65536,1.800000,1,0,236928.000000,4870315401550313391,11131921045574106320,0,multiplicative,na
bbhash-cpp,space_bits_per_key,65536,1.800000,1,0,3.615234,4870315401550313391,11131921045574106320,0,multiplicative,na
better-mphf,space_bits,65536,1.800000,1,0,243968.000000,4870315401550313391,11131921045574106320,0,multiplicative,mul64
better-mphf,space_bits_per_key,65536,1.800000,1,0,3.722656,4870315401550313391,11131921045574106320,0,multiplicative,mul64
bbhash-cpp,space_bits,131072,1.800000,1,0,468288.000000,4870315401550313391,11131921045574106320,0,multiplicative,na
bbhash-cpp,space_bits_per_key,131072,1.800000,1,0,3.572754,4870315401550313391,11131921045574106320,0,multiplicative,na
better-mphf,space_bits,131072,1.800000,1,0,474944.000000,4870315401550313391,11131921045574106320,0,multiplicative,mul64
better-mphf,space_bits_per_key,131072,1.800000,1,0,3.623535,4870315401550313391,11131921045574106320,0,multiplicative,mul64
bbhash-cpp,space_bits,262144,1.800000,1,0,930880.000000,4870315401550313391,11131921045574106320,0,multiplicative,na
bbhash-cpp,space_bits_per_key,262144,1.800000,1,0,3.551025,4870315401550313391,11131921045574106320,0,multiplicative,na
better-mphf,space_bits,262144,1.800000,1,0,936896.000000,4870315401550313391,11131921045574106320,0,multiplicative,mul64
better-mphf,space_bits_per_key,262144,1.800000,1,0,3.573975,4870315401550313391,11131921045574106320,0,multiplicative,mul64
bbhash-cpp,space_bits,524288,1.800000,1,0,1856064.000000,4870315401550313391,11131921045574106320,0,multiplicative,na
bbhash-cpp,space_bits_per_key,524288,1.800000,1,0,3.540161,4870315401550313391,11131921045574106320,0,multiplicative,na
better-mphf,space_bits,524288,1.800000,1,0,1862528.000000,4870315401550313391,11131921045574106320,0,multiplicative,mul64
better-mphf,space_bits_per_key,524288,1.800000,1,0,3.552490,4870315401550313391,11131921045574106320,0,multiplicative,mul64
bbhash-cpp,space_bits,1048576,1.800000,1,0,3706368.000000,4870315401550313391,11131921045574106320,0,multiplicative,na
bbhash-cpp,space_bits_per_key,1048576,1.800000,1,0,3.534668,4870315401550313391,11131921045574106320,0,multiplicative,na
better-mphf,space_bits,1048576,1.800000,1,0,3710336.000000,4870315401550313391,11131921045574106320,0,multiplicative,mul64
better-mphf,space_bits_per_key,1048576,1.800000,1,0,3.538452,4870315401550313391,11131921045574106320,0,multiplicative,mul64
bbhash-cpp,space_bits,2097152,1.800000,1,0,7407104.000000,4870315401550313391,11131921045574106320,0,multiplicative,na
bbhash-cpp,space_bits_per_key,2097152,1.800000,1,0,3.531982,4870315401550313391,11131921045574106320,0,multiplicative,na
better-mphf,space_bits,2097152,1.800000,1,0,7411136.000000,4870315401550313391,11131921045574106320,0,multiplicative,mul64
better-mphf,space_bits_per_key,2097152,1.800000,1,0,3.533905,4870315401550313391,11131921045574106320,0,multiplicative,mul64
bbhash-cpp,space_bits,512,2.000000,1,0,8000.000000,4870315401550313391,11131921045574106320,0,multiplicative,na
bbhash-cpp,space_bits_per_key,512,2.000000,1,0,15.625000,4870315401550313391,11131921045574106320,0,multiplicative,na
better-mphf,space_bits,512,2.000000,1,0,6272.000000,4870315401550313391,11131921045574106320,0,multiplicative,mul64
better-mphf,space_bits_per_key,512,2.000000,1,0,12.250000,4870315401550313391,11131921045574106320,0,multiplicative,mul64
bbhash-cpp,space_bits,1024,2.000000,1,0,9792.000000,4870315401550313391,11131921045574106320,0,multiplicative,na
bbhash-cpp,space_bits_per_key,1024,2.000000,1,0,9.562500,4870315401550313391,11131921045574106320,0,multiplicative,na
better-mphf,space_bits,1024,2.000000,1,0,8000.000000,4870315401550313391,11131921045574106320,0,multiplicative,mul64
better-mphf,space_bits_per_key,1024,2.000000,1,0,7.812500,4870315401550313391,11131921045574106320,0,multiplicative,mul64
bbhash-cpp,space_bits,2048,2.000000,1,0,13632.000000,4870315401550313391,11131921045574106320,0,multiplicative,na
bbhash-cpp,space_bits_per_key,2048,2.000000,1,0,6.656250,4870315401550313391,11131921045574106320,0,multiplicative,na
better-mphf,space_bits,2048,2.000000,1,0,14848.000000,4870315401550313391,11131921045574106320,0,multiplicative,mul64
better-mphf,space_bits_per_key,2048,2.000000,1,0,7.250000,4870315401550313391,11131921045574106320,0,multiplicative,mul64
bbhash-cpp,space_bits,4096,2.000000,1,0,21248.000000,4870315401550313391,11131921045574106320,0,multiplicative,na
bbhash-cpp,space_bits_per_key,4096,2.000000,1,0,5.187500,4870315401550313391,11131921045574106320,0,multiplicative,na
better-mphf,space_bits,4096,2.000000,1,0,22912.000000,4870315401550313391,11131921045574106320,0,multiplicative,mul64
better-mphf,space_bits_per_key,4096,2.000000,1,0,5.593750,4870315401550313391,11131921045574106320,0,multiplicative,mul64
bbhash-cpp,space_bits,8192,2.000000,1,0,36352.000000,4870315401550313391,11131921045574106320,0,multiplicative,na
bbhash-cpp,space_bits_per_key,8192,2.000000,1,0,4.437500,4870315401550313391,11131921045574106320,0,multiplicative,na
better-mphf,space_bits,8192,2.000000,1,0,37312.000000,4870315401550313391,11131921045574106320,0,multiplicative,mul64
better-mphf,space_bits_per_key,8192,2.000000,1,0,4.554688,4870315401550313391,11131921045574106320,0,multiplicative,mul64
bbhash-cpp,space_bits,16384,2.000000,1,0,66752.000000,4870315401550313391,11131921045574106320,0,multiplicative,na
bbhash-cpp,space_bits_per_key,16384,2.000000,1,0,4.074219,4870315401550313391,11131921045574106320,0,multiplicative,na
better-mphf,space_bits,16384,2.000000,1,0,68416.000000,4870315401550313391,11131921045574106320,0,multiplicative,mul64
better-mphf,space_bits_per_key,16384,2.000000,1,0,4.175781,4870315401550313391,11131921045574106320,0,multiplicative,mul64
bbhash-cpp,space_bits,32768,2.000000,1,0,127360.000000,4870315401550313391,11131921045574106320,0,multiplicative,na
bbhash-cpp,space_bits_per_key,32768,2.000000,1,0,3.886719,4870315401550313391,11131921045574106320,0,multiplicative,na
better-mphf,space_bits,32768,2.000000,1,0,128320.000000,4870315401550313391,11131921045574106320,0,multiplicative,mul64
better-mphf,space_bits_per_key,32768,2.000000,1,0,3.916016,4870315401550313391,11131921045574106320,0,multiplicative,mul64
bbhash-cpp,space_bits,65536,2.000000,1,0,248960.000000,4870315401550313391,11131921045574106320,0,multiplicative,na
bbhash-cpp,space_bits_per_key,65536,2.000000,1,0,3.798828,4870315401550313391,11131921045574106320,0,multiplicative,na
better-mphf,space_bits,65536,2.000000,1,0,250432.000000,4870315401550313391,11131921045574106320,0,multiplicative,mul64
better-mphf,space_bits_per_key,65536,2.000000,1,0,3.821289,4870315401550313391,11131921045574106320,0,multiplicative,mul64
bbhash-cpp,space_bits,131072,2.000000,1,0,492032.000000,4870315401550313391,11131921045574106320,0,multiplicative,na
bbhash-cpp,space_bits_per_key,131072,2.000000,1,0,3.753906,4870315401550313391,11131921045574106320,0,multiplicative,na
better-mphf,space_bits,131072,2.000000,1,0,497984.000000,4870315401550313391,11131921045574106320,0,multiplicative,mul64
better-mphf,space_bits_per_key,131072,2.000000,1,0,3.799316,4870315401550313391,11131921045574106320,0,multiplicative,mul64
bbhash-cpp,space_bits,262144,2.000000,1,0,978176.000000,4870315401550313391,11131921045574106320,0,multiplicative,na
bbhash-cpp,space_bits_per_key,262144,2.000000,1,0,3.731445,4870315401550313391,11131921045574106320,0,multiplicative,na
better-mphf,space_bits,262144,2.000000,1,0,984704.000000,4870315401550313391,11131921045574106320,0,multiplicative,mul64
better-mphf,space_bits_per_key,262144,2.000000,1,0,3.756348,4870315401550313391,11131921045574106320,0,multiplicative,mul64
bbhash-cpp,space_bits,524288,2.000000,1,0,1950592.000000,4870315401550313391,11131921045574106320,0,multiplicative,na
bbhash-cpp,space_bits_per_key,524288,2.000000,1,0,3.720459,4870315401550313391,11131921045574106320,0,multiplicative,na
better-mphf,space_bits,524288,2.000000,1,0,1955264.000000,4870315401550313391,11131921045574106320,0,multiplicative,mul64
better-mphf,space_bits_per_key,524288,2.000000,1,0,3.729370,4870315401550313391,11131921045574106320,0,multiplicative,mul64
bbhash-cpp,space_bits,1048576,2.000000,1,0,3895616.000000,4870315401550313391,11131921045574106320,0,multiplicative,na
bbhash-cpp,space_bits_per_key,1048576,2.000000,1,0,3.715149,4870315401550313391,11131921045574106320,0,multiplicative,na
better-mphf,space_bits,1048576,2.000000,1,0,3901568.000000,4870315401550313391,11131921045574106320,0,multiplicative,mul64
better-mphf,space_bits_per_key,1048576,2.000000,1,0,3.720825,4870315401550313391,11131921045574106320,0,multiplicative,mul64
bbhash-cpp,space_bits,2097152,2.000000,1,0,7785280.000000,4870315401550313391,11131921045574106320,0,multiplicative,na
bbhash-cpp,space_bits_per_key,2097152,2.000000,1,0,3.712311,4870315401550313391,11131921045574106320,0,multiplicative,na
better-mphf,space_bits,2097152,2.000000,1,0,7788992.000000,4870315401550313391,11131921045574106320,0,multiplicative,mul64
better-mphf,space_bits_per_key,2097152,2.000000,1,0,3.714081,4870315401550313391,11131921045574106320,0,multiplicative,mul64
bbhash-cpp,space_bits,512,2.250000,1,0,8128.000000,4870315401550313391,11131921045574106320,0,multiplicative,na
bbhash-cpp,space_bits_per_key,512,2.250000,1,0,15.875000,4870315401550313391,11131921045574106320,0,multiplicative,na
better-mphf,space_bits,512,2.250000,1,0,6272.000000,4870315401550313391,11131921045574106320,0,multiplicative,mul64
better-mphf,space_bits_per_key,512,2.250000,1,0,12.250000,4870315401550313391,11131921045574106320,0,multiplicative,mul64
bbhash-cpp,space_bits,1024,2.250000,1,0,10048.000000,4870315401550313391,11131921045574106320,0,multiplicative,na
bbhash-cpp,space_bits_per_key,1024,2.250000,1,0,9.812500,4870315401550313391,11131921045574106320,0,multiplicative,na
better-mphf,space_bits,1024,2.250000,1,0,8576.000000,4870315401550313391,11131921045574106320,0,multiplicative,mul64
better-mphf,space_bits_per_key,1024,2.250000,1,0,8.375000,4870315401550313391,11131921045574106320,0,multiplicative,mul64
bbhash-cpp,space_bits,2048,2.250000,1,0,14208.000000,4870315401550313391,11131921045574106320,0,multiplicative,na
bbhash-cpp,space_bits_per_key,2048,2.250000,1,0,6.937500,4870315401550313391,11131921045574106320,0,multiplicative,na
better-mphf,space_bits,2048,2.250000,1,0,15424.000000,4870315401550313391,11131921045574106320,0,multiplicative,mul64
better-mphf,space_bits_per_key,2048,2.250000,1,0,7.531250,4870315401550313391,11131921045574106320,0,multiplicative,mul64
bbhash-cpp,space_bits,4096,2.250000,1,0,22144.000000,4870315401550313391,11131921045574106320,0,multiplicative,na
bbhash-cpp,space_bits_per_key,4096,2.250000,1,0,5.406250,4870315401550313391,11131921045574106320,0,multiplicative,na
better-mphf,space_bits,4096,2.250000,1,0,23488.000000,4870315401550313391,11131921045574106320,0,multiplicative,mul64
better-mphf,space_bits_per_key,4096,2.250000,1,0,5.734375,4870315401550313391,11131921045574106320,0,multiplicative,mul64
bbhash-cpp,space_bits,8192,2.250000,1,0,38336.000000,4870315401550313391,11131921045574106320,0,multiplicative,na
bbhash-cpp,space_bits_per_key,8192,2.250000,1,0,4.679688,4870315401550313391,11131921045574106320,0,multiplicative,na
better-mphf,space_bits,8192,2.250000,1,0,39616.000000,4870315401550313391,11131921045574106320,0,multiplicative,mul64
better-mphf,space_bits_per_key,8192,2.250000,1,0,4.835938,4870315401550313391,11131921045574106320,0,multiplicative,mul64
bbhash-cpp,space_bits,16384,2.250000,1,0,70656.000000,4870315401550313391,11131921045574106320,0,multiplicative,na
bbhash-cpp,space_bits_per_key,16384,2.250000,1,0,4.312500,4870315401550313391,11131921045574106320,0,multiplicative,na
better-mphf,space_bits,16384,2.250000,1,0,71872.000000,4870315401550313391,11131921045574106320,0,multiplicative,mul64
better-mphf,space_bits_per_key,16384,2.250000,1,0,4.386719,4870315401550313391,11131921045574106320,0,multiplicative,mul64
bbhash-cpp,space_bits,32768,2.250000,1,0,135232.000000,4870315401550313391,11131921045574106320,0,multiplicative,na
bbhash-cpp,space_bits_per_key,32768,2.250000,1,0,4.126953,4870315401550313391,11131921045574106320,0,multiplicative,na
better-mphf,space_bits,32768,2.250000,1,0,136384.000000,4870315401550313391,11131921045574106320,0,multiplicative,mul64
better-mphf,space_bits_per_key,32768,2.250000,1,0,4.162109,4870315401550313391,11131921045574106320,0,multiplicative,mul64
bbhash-cpp,space_bits,65536,2.250000,1,0,264512.000000,4870315401550313391,11131921045574106320,0,multiplicative,na
bbhash-cpp,space_bits_per_key,65536,2.250000,1,0,4.036133,4870315401550313391,11131921045574106320,0,multiplicative,na
better-mphf,space_bits,65536,2.250000,1,0,265984.000000,4870315401550313391,11131921045574106320,0,multiplicative,mul64
better-mphf,space_bits_per_key,65536,2.250000,1,0,4.058594,4870315401550313391,11131921045574106320,0,multiplicative,mul64
bbhash-cpp,space_bits,131072,2.250000,1,0,523264.000000,4870315401550313391,11131921045574106320,0,multiplicative,na
bbhash-cpp,space_bits_per_key,131072,2.250000,1,0,3.992188,4870315401550313391,11131921045574106320,0,multiplicative,na
better-mphf,space_bits,131072,2.250000,1,0,527936.000000,4870315401550313391,11131921045574106320,0,multiplicative,mul64
better-mphf,space_bits_per_key,131072,2.250000,1,0,4.027832,4870315401550313391,11131921045574106320,0,multiplicative,mul64
bbhash-cpp,space_bits,262144,2.250000,1,0,1040640.000000,4870315401550313391,11131921045574106320,0,multiplicative,na
bbhash-cpp,space_bits_per_key,262144,2.250000,1,0,3.969727,4870315401550313391,11131921045574106320,0,multiplicative,na
better-mphf,space_bits,262144,2.250000,1,0,1047488.000000,4870315401550313391,11131921045574106320,0,multiplicative,mul64
better-mphf,space_bits_per_key,262144,2.250000,1,0,3.995850,4870315401550313391,11131921045574106320,0,multiplicative,mul64
bbhash-cpp,space_bits,524288,2.250000,1,0,2075520.000000,4870315401550313391,11131921045574106320,0,multiplicative,na
bbhash-cpp,space_bits_per_key,524288,2.250000,1,0,3.958740,4870315401550313391,11131921045574106320,0,multiplicative,na
better-mphf,space_bits,524288,2.250000,1,0,2081408.000000,4870315401550313391,11131921045574106320,0,multiplicative,mul64
better-mphf,space_bits_per_key,524288,2.250000,1,0,3.969971,4870315401550313391,11131921045574106320,0,multiplicative,mul64
bbhash-cpp,space_bits,1048576,2.250000,1,0,4145408.000000,4870315401550313391,11131921045574106320,0,multiplicative,na
bbhash-cpp,space_bits_per_key,1048576,2.250000,1,0,3.953369,4870315401550313391,11131921045574106320,0,multiplicative,na
better-mphf,space_bits,1048576,2.250000,1,0,4149824.000000,4870315401550313391,11131921045574106320,0,multiplicative,mul64
better-mphf,space_bits_per_key,1048576,2.250000,1,0,3.957581,4870315401550313391,11131921045574106320,0,multiplicative,mul64
bbhash-cpp,space_bits,2097152,2.250000,1,0,8284864.000000,4870315401550313391,11131921045574106320,0,multiplicative,na
bbhash-cpp,space_bits_per_key,2097152,2.250000,1,0,3.950531,4870315401550313391,11131921045574106320,0,multiplicative,na
better-mphf,space_bits,2097152,2.250000,1,0,8286656.000000,4870315401550313391,11131921045574106320,0,multiplicative,mul64
better-mphf,space_bits_per_key,2097152,2.250000,1,0,3.951385,4870315401550313391,11131921045574106320,0,multiplicative,mul64
bbhash-cpp,space_bits,512,2.500000,1,0,8256.000000,4870315401550313391,11131921045574106320,0,multiplicative,na
bbhash-cpp,space_bits_per_key,512,2.500000,1,0,16.125000,4870315401550313391,11131921045574106320,0,multiplicative,na
better-mphf,space_bits,512,2.500000,1,0,6272.000000,4870315401550313391,11131921045574106320,0,multiplicative,mul64
better-mphf,space_bits_per_key,512,2.500000,1,0,12.250000,4870315401550313391,11131921045574106320,0,multiplicative,mul64
bbhash-cpp,space_bits,1024,2.500000,1,0,10432.000000,4870315401550313391,11131921045574106320,0,multiplicative,na
bbhash-cpp,space_bits_per_key,1024,2.500000,1,0,10.187500,4870315401550313391,11131921045574106320,0,multiplicative,na
better-mphf,space_bits,1024,2.500000,1,0,8576.000000,4870315401550313391,11131921045574106320,0,multiplicative,mul64
better-mphf,space_bits_per_key,1024,2.500000,1,0,8.375000,4870315401550313391,11131921045574106320,0,multiplicative,mul64
bbhash-cpp,space_bits,2048,2.500000,1,0,14656.000000,4870315401550313391,11131921045574106320,0,multiplicative,na
bbhash-cpp,space_bits_per_key,2048,2.500000,1,0,7.156250,4870315401550313391,11131921045574106320,0,multiplicative,na
better-mphf,space_bits,2048,2.500000,1,0,12608.000000,4870315401550313391,11131921045574106320,0,multiplicative,mul64
better-mphf,space_bits_per_key,2048,2.500000,1,0,6.156250,4870315401550313391,11131921045574106320,0,multiplicative,mul64
bbhash-cpp,space_bits,4096,2.500000,1,0,23168.000000,4870315401550313391,11131921045574106320,0,multiplicative,na
bbhash-cpp,space_bits_per_key,4096,2.500000,1,0,5.656250,4870315401550313391,11131921045574106320,0,multiplicative,na
better-mphf,space_bits,4096,2.500000,1,0,24064.000000,4870315401550313391,11131921045574106320,0,multiplicative,mul64
better-mphf,space_bits_per_key,4096,2.500000,1,0,5.875000,4870315401550313391,11131921045574106320,0,multiplicative,mul64
bbhash-cpp,space_bits,8192,2.500000,1,0,40384.000000,4870315401550313391,11131921045574106320,0,multiplicative,na
bbhash-cpp,space_bits_per_key,8192,2.500000,1,0,4.929688,4870315401550313391,11131921045574106320,0,multiplicative,na
better-mphf,space_bits,8192,2.500000,1,0,41920.000000,4870315401550313391,11131921045574106320,0,multiplicative,mul64
better-mphf,space_bits_per_key,8192,2.500000,1,0,5.117188,4870315401550313391,11131921045574106320,0,multiplicative,mul64
bbhash-cpp,space_bits,16384,2.500000,1,0,74624.000000,4870315401550313391,11131921045574106320,0,multiplicative,na
bbhash-cpp,space_bits_per_key,16384,2.500000,1,0,4.554688,4870315401550313391,11131921045574106320,0,multiplicative,na
better-mphf,space_bits,16384,2.500000,1,0,75904.000000,4870315401550313391,11131921045574106320,0,multiplicative,mul64
better-mphf,space_bits_per_key,16384,2.500000,1,0,4.632812,4870315401550313391,11131921045574106320,0,multiplicative,mul64
bbhash-cpp,space_bits,32768,2.500000,1,0,143360.000000,4870315401550313391,11131921045574106320,0,multiplicative,na
bbhash-cpp,space_bits_per_key,32768,2.500000,1,0,4.375000,4870315401550313391,11131921045574106320,0,multiplicative,na
better-mphf,space_bits,32768,2.500000,1,0,145024.000000,4870315401550313391,11131921045574106320,0,multiplicative,mul64
better-mphf,space_bits_per_key,32768,2.500000,1,0,4.425781,4870315401550313391,11131921045574106320,0,multiplicative,mul64
bbhash-cpp,space_bits,65536,2.500000,1,0,280832.000000,4870315401550313391,11131921045574106320,0,multiplicative,na
bbhash-cpp,space_bits_per_key,65536,2.500000,1,0,4.285156,4870315401550313391,11131921045574106320,0,multiplicative,na
better-mphf,space_bits,65536,2.500000,1,0,281536.000000,4870315401550313391,11131921045574106320,0,multiplicative,mul64
better-mphf,space_bits_per_key,65536,2.500000,1,0,4.295898,4870315401550313391,11131921045574106320,0,multiplicative,mul64
bbhash-cpp,space_bits,131072,2.500000,1,0,555776.000000,4870315401550313391,11131921045574106320,0,multiplicative,na
bbhash-cpp,space_bits_per_key,131072,2.500000,1,0,4.240234,4870315401550313391,11131921045574106320,0,multiplicative,na
better-mphf,space_bits,131072,2.500000,1,0,555136.000000,4870315401550313391,11131921045574106320,0,multiplicative,mul64
better-mphf,space_bits_per_key,131072,2.500000,1,0,4.235352,4870315401550313391,11131921045574106320,0,multiplicative,mul64
bbhash-cpp,space_bits,262144,2.500000,1,0,1105664.000000,4870315401550313391,11131921045574106320,0,multiplicative,na
bbhash-cpp,space_bits_per_key,262144,2.500000,1,0,4.217773,4870315401550313391,11131921045574106320,0,multiplicative,na
better-mphf,space_bits,262144,2.500000,1,0,1104064.000000,4870315401550313391,11131921045574106320,0,multiplicative,mul64
better-mphf,space_bits_per_key,262144,2.500000,1,0,4.211670,4870315401550313391,11131921045574106320,0,multiplicative,mul64
bbhash-cpp,space_bits,524288,2.500000,1,0,2205504.000000,4870315401550313391,11131921045574106320,0,multiplicative,na
bbhash-cpp,space_bits_per_key,524288,2.500000,1,0,4.206665,4870315401550313391,11131921045574106320,0,multiplicative,na
better-mphf,space_bits,524288,2.500000,1,0,2212160.000000,4870315401550313391,11131921045574106320,0,multiplicative,mul64
better-mphf,space_bits_per_key,524288,2.500000,1,0,4.219360,4870315401550313391,11131921045574106320,0,multiplicative,mul64
bbhash-cpp,space_bits,1048576,2.500000,1,0,4405248.000000,4870315401550313391,11131921045574106320,0,multiplicative,na
bbhash-cpp,space_bits_per_key,1048576,2.500000,1,0,4.201172,4870315401550313391,11131921045574106320,0,multiplicative,na
better-mphf,space_bits,1048576,2.500000,1,0,4410752.000000,4870315401550313391,11131921045574106320,0,multiplicative,mul64
better-mphf,space_bits_per_key,1048576,2.500000,1,0,4.206421,4870315401550313391,11131921045574106320,0,multiplicative,mul64
bbhash-cpp,space_bits,2097152,2.500000,1,0,8805056.000000,4870315401550313391,11131921045574106320,0,multiplicative,na
bbhash-cpp,space_bits_per_key,2097152,2.500000,1,0,4.198578,4870315401550313391,11131921045574106320,0,multiplicative,na
better-mphf,space_bits,2097152,2.500000,1,0,8808512.000000,4870315401550313391,11131921045574106320,0,multiplicative,mul64
better-mphf,space_bits_per_key,2097152,2.500000,1,0,4.200226,4870315401550313391,11131921045574106320,0,multiplicative,mul64
